<?xml version="1.0"?>
<config xmlns:xsi="http://www.w3.org/2001/XMLSchema-instance" xsi:noNamespaceSchemaLocation="urn:magento:framework:ObjectManager/etc/config.xsd">
    <preference for="Egits\BrandsList\Api\Data\GridInterface" type="Egits\BrandsList\Model\Grid" />

    <virtualType name="Egits\BrandsList\Model\ResourceModel\Grid\Grid\Collection" type="Magento\Framework\View\Element\UiComponent\DataProvider\SearchResult">
        <arguments>
            <argument name="mainTable" xsi:type="string">top_brands_list</argument>
            <argument name="resourceModel" xsi:type="string">Egits\BrandsList\Model\ResourceModel\Grid</argument>
        </arguments>
    </virtualType>
    <type name="Magento\Framework\View\Element\UiComponent\DataProvider\CollectionFactory">
        <arguments>
            <argument name="collections" xsi:type="array">
                <item name="topbrands_grid_listing_data_source" xsi:type="string">Egits\BrandsList\Model\ResourceModel\Grid\Grid\Collection</item>
            </argument>
        </arguments>
    </type>
</config>