<schema xmlns:xsi="http://www.w3.org/2001/XMLSchema-instance"
        xsi:noNamespaceSchemaLocation="urn:magento:framework:Setup/Declaration/Schema/etc/schema.xsd">
    <table name="top_brands" resource="default" engine="innodb" comment="Top Brands">
       <column xsi:type="int" name="article_id" unsigned="true" nullable="false" identity="true" comment="Article ID"/>
       <column xsi:type="varchar" name="title" nullable="true" length="255" comment="Title"/>
       <column xsi:type="varchar" name="image" nullable="true" length="255" comment="Image"/>
       <constraint xsi:type="primary" referenceId="PRIMARY">
           <column name="article_id"/>
       </constraint>
    </table>
</schema>
